projeto_responsavel,natureza,valor_do_projeto,valor_do_apoio,local,situacao,organizacao,url_proj,data_da_aprovacao,data_da_contratacao,data_da_conclusao
Fortalecendo a Economia de Base Florestal Sustentável Cooperativa Central de Comercialização Extrativista do Estado do Acre (Cooperacre),Terceiro Setor,5190901.39,4981614.659999999,AC,concluido,Cooperativa Central de Comercialização Extrativista do Estado do Acre (Cooperacre),https://www.fundoamazonia.gov.br/pt/projeto/Fortalecendo-a-Economia-de-Base-Florestal-Sustentavel/,2014-09-23,2014-11-24,2022-03-31
CAR Paraná Instituto Água e Terra (IAT),Estados,4640011.3,1084473.01,PR,concluido,Instituto Água e Terra (IAT),https://www.fundoamazonia.gov.br/pt/projeto/CAR-Parana/,2016-10-26,2017-06-13,2022-07-29
ARAPAIMA: Redes Produtivas Operação Amazônia Nativa (OPAN),Terceiro Setor,6487406.91,6364730,AM,concluido,Operação Amazônia Nativa (OPAN),https://www.fundoamazonia.gov.br/pt/projeto/ARAPAIMA-Redes-Produtivas/,2014-10-28,2015-01-26,2020-08-07
Fortalecimento do Controle e do Monitoramento Ambiental para o Combate ao Desmatamento Ilegal na Amazônia Instituto Brasileiro do Meio Ambiente e dos Recursos Naturais Renováveis (Ibama),União,56295964.63,56295964.63,"AC, AP, AM, MA, MT, PA, RO, RR, TO",concluido,Instituto Brasileiro do Meio Ambiente e dos Recursos Naturais Renováveis (Ibama),https://www.fundoamazonia.gov.br/pt/projeto/Fortalecimento-do-Controle-e-do-Monitoramento-Ambiental-para-o-Combate-ao-Desmatamento-Ilegal-na-Amazonia/,2016-10-19,2016-11-03,2019-06-30
Concretizar Associação dos Pequenos Agrossilvicultores do Projeto Reca (Projeto Reca),Terceiro Setor,7126393.21,6422748,"AC, RO",concluido,Associação dos Pequenos Agrossilvicultores do Projeto Reca (Projeto Reca),https://www.fundoamazonia.gov.br/pt/projeto/Concretizar/,2014-10-14,2015-01-19,2020-10-30
Florestas Comunitárias Instituto Floresta Tropical (IFT),Terceiro Setor,11976427.209999999,8100000,PA,concluido,Instituto Floresta Tropical (IFT),https://www.fundoamazonia.gov.br/pt/projeto/Florestas-Comunitarias/,2017-04-06,2017-07-26,2022-12-20
Floresta para o Bem-estar Conservation International do Brasil (CI-Brasil),Terceiro Setor,29452432,29452432,"AC, AM, MT, PA",contratado,Conservation International do Brasil (CI-Brasil),https://www.fundoamazonia.gov.br/pt/projeto/Floresta-para-o-Bem-estar/,2023-11-24,2024-03-06,NA
Projeto de Prevenção e Combate a Incêndios Florestais e Queimadas Não Autorizadas no Amapá Estado do Amapá - Corpo de Bombeiros Militar do Amapá (CBMAP),Estados,44999559,44999559,AP,contratado,Estado do Amapá - Corpo de Bombeiros Militar do Amapá (CBMAP),https://www.fundoamazonia.gov.br/pt/projeto/Projeto-de-Prevencao-e-Combate-a-Incendios-Florestais-e-Queimadas-Nao-Autorizadas-no-Amapa/,2024-09-24,2024-11-22,NA
Restaura Amazônia MR2 Fundação Brasileira Para o Desenvolvimento Sustentável (FBDS),Terceiro Setor,150000000,150000000,"MT, TO",contratado,Fundação Brasileira Para o Desenvolvimento Sustentável (FBDS),https://www.fundoamazonia.gov.br/pt/projeto/Restaura-Amazonia-MR2/,2024-10-24,2024-11-12,NA
Restaura Amazônia MR3 Conservation International do Brasil (CI-Brasil),Terceiro Setor,150000000,150000000,"MA, PA",contratado,Conservation International do Brasil (CI-Brasil),https://www.fundoamazonia.gov.br/pt/projeto/Restaura-Amazonia-MR3/,2024-10-24,2024-11-12,NA
Restaura Amazônia MR1 Instituto Brasileiro de Administração Municipal (Ibam),Terceiro Setor,150000000,150000000,"AC, AM, RO",contratado,Instituto Brasileiro de Administração Municipal (Ibam),https://www.fundoamazonia.gov.br/pt/projeto/Restaura-Amazonia-MR1/,2024-10-24,2024-11-04,NA
Cadeias de Valor da Agricultura Familiar no Estado de Mato Grosso Associação do Centro de Tecnologia Alternativa (CTA),Terceiro Setor,3238032,3238032,MT,concluido,Associação do Centro de Tecnologia Alternativa (CTA),https://www.fundoamazonia.gov.br/pt/projeto/Cadeias-de-Valor-da-Agricultura-Familiar-no-Estado-de-Mato-Grosso/,2014-09-02,2014-11-25,2023-07-25
Fundo Kayapó de Conservação em Terras Indígenas Fundo Brasileiro para a Biodiversidade (Funbio),Terceiro Setor,23300000,16900000,"MT, PA",contratado,Fundo Brasileiro para a Biodiversidade (Funbio),https://www.fundoamazonia.gov.br/pt/projeto/Fundo-Kayapo-de-Conservacao-em-Terras-Indigenas/,2011-06-21,2011-11-21,NA
CAR Ceará Superintendência Estadual do Meio Ambiente do Estado do Ceará (Semace),Estados,27314911.89,18824169.830000002,CE,contratado,Superintendência Estadual do Meio Ambiente do Estado do Ceará (Semace),https://www.fundoamazonia.gov.br/pt/projeto/CAR-Ceara/,2016-02-23,2016-05-31,NA
CAR Bahia Instituto do Meio Ambiente e dos Recursos Hídricos do Estado da Bahia (Inema) - Estado da Bahia e Secretaria Estadual do Meio Ambiente (Sema),Estados,37260000,29298701.779999997,BA,contratado,Instituto do Meio Ambiente e dos Recursos Hídricos do Estado da Bahia (Inema) - Estado da Bahia e Secretaria Estadual do Meio Ambiente (Sema),https://www.fundoamazonia.gov.br/pt/projeto/CAR-Bahia/,2025-01-02,2014-06-02,NA
Amazônia - Regularização Ambiental Fundação Brasileira para o Desenvolvimento Sustentável (FBDS),Terceiro Setor,9267000,9267000,"AC, AP, AM, MA, MT, PA, RO, RR, TO",concluido,Fundação Brasileira para o Desenvolvimento Sustentável (FBDS),https://www.fundoamazonia.gov.br/pt/projeto/Amazonia-Regularizacao-Ambiental/,2018-12-03,2019-02-07,2023-03-20
Experiências Indígenas de Gestão Territorial e Ambiental no Acre Comissão Pró-Índio do Acre (CPI-Acre),Terceiro Setor,5823061,5823061,AC,contratado,Comissão Pró-Índio do Acre (CPI-Acre),https://www.fundoamazonia.gov.br/pt/projeto/Experiencias-Indigenas-de-Gestao-Territorial-e-Ambiental-no-Acre/,2018-02-26,2018-06-14,NA
Inventário Florestal Nacional - Amazônia União Federal - Serviço Florestal Brasileiro (SFB),União,38149718.06,38149718.06,"AC, AP, AM, MA, MT, PA, RO, RR, TO",contratado,União Federal - Serviço Florestal Brasileiro (SFB),https://www.fundoamazonia.gov.br/pt/projeto/Inventario-Florestal-Nacional-Amazonia/,2012-07-31,2013-01-24,NA
MapBiomas Instituto Arapyaú de Educação e Desenvolvimento Sustentável,Terceiro Setor,11220000,11220000,,contratado,Instituto Arapyaú de Educação e Desenvolvimento Sustentável,https://www.fundoamazonia.gov.br/pt/projeto/MapBiomas/,2023-06-15,2023-08-31,NA
Redes Indígenas da Amazônia The Nature Conservancy do Brasil (TNC Brasil),Terceiro Setor,59964064,59964064,"AC, AP, AM, MA, MT, PA, RO, RR, TO",contratado,The Nature Conservancy do Brasil (TNC Brasil),https://www.fundoamazonia.gov.br/pt/projeto/Redes-Indigenas-da-Amazonia/,2024-04-18,2024-07-08,NA
Gestão Territorial OPIRJ Organização dos Povos Indígenas do Rio Juruá (OPIRJ),Terceiro Setor,33661383,33661383,AC,contratado,Organização dos Povos Indígenas do Rio Juruá (OPIRJ),https://www.fundoamazonia.gov.br/pt/projeto/Gestao-Territorial-OPIRJ/,2023-09-14,2023-11-04,NA
Dabucury: Compartilhando Experiências e Fortalecendo a Gestão Etnoambiental nas Terras Indígenas da Amazônia Coordenadoria Ecumênica de Serviço (CESE),Terceiro Setor,53819079,53819079,"AC, AP, AM, MA, MT, PA, RO, RR, TO",contratado,Coordenadoria Ecumênica de Serviço (CESE),https://www.fundoamazonia.gov.br/pt/projeto/Dabucury-Compartilhando-Experiencias-e-Fortalecendo-a-Gestao-Etnoambiental-nas-Terras-Indigenas-da-Amazonia/,2023-11-24,2023-12-21,NA
CAR: Tocantins Legal Estado do Tocantins,Estados,26800000,24788284,TO,contratado,Estado do Tocantins,https://www.fundoamazonia.gov.br/pt/projeto/CAR-Tocantins-Legal/,2013-05-21,2013-06-28,NA
CAR Espírito Santo Instituto de Defesa Agropecuária e Florestal do Espírito Santo (IDAF),Estados,17361800,2384656.9699999997,,contratado,Instituto de Defesa Agropecuária e Florestal do Espírito Santo (IDAF),https://www.fundoamazonia.gov.br/pt/projeto/CAR-Espirito-Santo/,2018-06-19,2018-10-03,NA
"Território, Cultura e Autonomia Kayapó Associação Floresta Protegida (AFP)",Terceiro Setor,9089870.67,9089870.67,PA,contratado,Associação Floresta Protegida (AFP),https://www.fundoamazonia.gov.br/pt/projeto/Territorio-Cultura-e-Autonomia-Kayapo/,2017-12-04,2018-03-21,NA
CAR Acre Estado do Acre,Estados,15411173.28,15411173.28,AC,contratado,Estado do Acre,https://www.fundoamazonia.gov.br/pt/projeto/CAR-Acre/,2025-01-02,2013-11-13,NA
Florestas de Valor - Novos modelos de Negócio para a Amazônia Instituto de Manejo e Certificação Florestal e Agrícola (Imaflora),Terceiro Setor,17369442.36,17369442.36,"MT, PA, RO",contratado,Instituto de Manejo e Certificação Florestal e Agrícola (Imaflora),https://www.fundoamazonia.gov.br/pt/projeto/Florestas-de-Valor-Novos-modelos-de-Negocio-para-a-Amazonia/,2017-01-18,2017-03-23,NA
Plantar Rondônia Centro de Estudos da Cultura e do Meio Ambiente da Amazônia (Rioterra),Terceiro Setor,25305337,25305337,RO,concluido,Centro de Estudos da Cultura e do Meio Ambiente da Amazônia (Rioterra),https://www.fundoamazonia.gov.br/pt/projeto/Plantar-Rondonia/,2017-12-18,2018-03-13,2023-10-18
Valorizando Cadeias Socioprodutivas Amazônicas Instituto Centro de Vida (ICV),Terceiro Setor,16405000,16405000,MT,concluido,Instituto Centro de Vida (ICV),https://www.fundoamazonia.gov.br/pt/projeto/Valorizando-Cadeias-Socioprodutivas-Amazonicas/,2017-12-11,2018-01-30,2023-08-25
Cidades Florestais Instituto de Conservação e Desenvolvimento Sustentável da Amazônia (Idesam),Terceiro Setor,12055534.99,12055534.99,AM,contratado,Instituto de Conservação e Desenvolvimento Sustentável da Amazônia (Idesam),https://www.fundoamazonia.gov.br/pt/projeto/Cidades-Florestais/,2017-12-27,2018-03-13,NA
Mais Sustentabilidade no Campo Estado do Maranhão,Estados,41212345,40476077,MA,contratado,Estado do Maranhão ,https://www.fundoamazonia.gov.br/pt/projeto/Mais-Sustentabilidade-no-Campo/,2017-12-27,2018-04-27,NA
Fundação Banco do Brasil - Fundo Amazônia Fundação Banco do Brasil (FBB),Terceiro Setor,23482372.86,14515520.43,"AC, AP, AM, MA, MT, PA, RO, RR, TO",contratado,Fundação Banco do Brasil (FBB),https://www.fundoamazonia.gov.br/pt/projeto/Fundacao-Banco-do-Brasil-Fundo-Amazonia/,2012-05-15,2012-06-18,NA
Fundação Banco do Brasil – Fundo Amazônia (Fase II) Fundação Banco do Brasil (FBB),Terceiro Setor,20000000,12000000,"AC, AP, AM, MA, MT, PA, RO, RR, TO",contratado,Fundação Banco do Brasil (FBB),https://www.fundoamazonia.gov.br/pt/projeto/Fundacao-Banco-do-Brasil-Fundo-Amazonia-Fase-II/,2014-10-07,2014-12-05,NA
Projeto Integrado da Amazônia Empresa Brasileira de Pesquisa Agropecuária (Embrapa) e Fundação Eliseu Alves (FEA),União,33691380,33691380,"AC, AP, AM, MA, MT, PA, RO, RR, TO",contratado,Empresa Brasileira de Pesquisa Agropecuária (Embrapa) e Fundação Eliseu Alves (FEA),https://www.fundoamazonia.gov.br/pt/projeto/Projeto-Integrado-da-Amazonia/,2015-12-29,2016-04-07,NA
"Monitoramento Ambiental por Satélites no Bioma Amazônia Fundação de Ciência, Aplicações e Tecnologia Espaciais (Funcate) e Instituto Nacional de Pesquisas Espaciais (Inpe)",União,66952436,66952436,"AC, AP, AM, MA, MT, PA, RO, RR, TO",contratado,"Fundação de Ciência, Aplicações e Tecnologia Espaciais (Funcate) e Instituto Nacional de Pesquisas Espaciais (Inpe)",https://www.fundoamazonia.gov.br/pt/projeto/Monitoramento-Ambiental-por-Satelites-no-Bioma-Amazonia/,2014-10-07,2014-10-29,NA
Rondônia Mais Verde - Fase II Estado de Rondônia - Corpo de Bombeiros do Estado de Rondônia (CBMRO),Estados,34074785.339999996,34074785.339999996,RO,contratado,Estado de Rondônia - Corpo de Bombeiros do Estado de Rondônia (CBMRO),https://www.fundoamazonia.gov.br/pt/projeto/Rondonia-Mais-Verde-Fase-II/,2023-11-24,2024-02-26,NA
Monitoramento da Cobertura Florestal na Amazônia Regional Organização do Tratado de Cooperação Amazônica (OTCA),Internacionais,27670630,23693641,INTL,contratado,Organização do Tratado de Cooperação Amazônica (OTCA),https://www.fundoamazonia.gov.br/pt/projeto/Monitoramento-da-Cobertura-Florestal-na-Amazonia-Regional/,2013-04-30,2013-10-03,NA
Agroecologia em Rede Instituto de Pesquisas Ecológicas (IPÊ),Terceiro Setor,20162650,20162650,AM,contratado,Instituto de Pesquisas Ecológicas (IPÊ),https://www.fundoamazonia.gov.br/pt/projeto/Agroecologia-em-Rede/,2023-08-17,2023-11-08,NA
Amazônia Socioambiental Instituto Socioambiental (ISA),Terceiro Setor,38834744.64,38834744.64,"AM, MT, PA, RR",contratado,Instituto Socioambiental (ISA),https://www.fundoamazonia.gov.br/pt/projeto/Amazonia-Socioambiental/,2023-12-28,2024-02-28,NA
Planos Amas – Amazônia: Segurança e Soberania Ministério da Justiça e Segurança Pública (MJSP),União,318523374.39,318523374.39,"AC, AP, AM, MA, MT, PA, RO, RR, TO",contratado,Ministério da Justiça e Segurança Pública (MJSP),https://www.fundoamazonia.gov.br/pt/projeto/Planos-Amas-Amazonia-Seguranca-e-Soberania/,2023-12-21,2024-06-17,NA
Consolidando a Gestão Territorial e Ambiental em Terras Indígenas Centro de Trabalho Indigenista (CTI),Terceiro Setor,11858546.84,11858546.84,"AM, MA, PA",concluido,Centro de Trabalho Indigenista (CTI),https://www.fundoamazonia.gov.br/pt/projeto/Consolidando-a-Gestao-Territorial-e-Ambiental-em-Terras-Indigenas/,2016-09-28,2017-02-24,2023-03-02
CAR Roraima Fundação Estadual do Meio Ambiente e Recursos Hídricos de Roraima (Femarh),Estados,1490055.1,1414308.37,RR,concluido,Fundação Estadual do Meio Ambiente e Recursos Hídricos de Roraima (Femarh),https://www.fundoamazonia.gov.br/pt/projeto/CAR-Roraima/,2014-11-04,2016-06-29,2022-08-18
Pacto da Floresta Pacto das Águas - Elaboração e Desenvolvimento de Projetos Socioambientais,Terceiro Setor,8700000,8607999.88,RO,contratado,Pacto das Águas - Elaboração e Desenvolvimento de Projetos Socioambientais ,https://www.fundoamazonia.gov.br/pt/projeto/Pacto-da-Floresta/,2018-06-13,2018-08-14,NA
"Monitoramento Ambiental dos Biomas Brasileiros Fundação de Ciência, Aplicações e Tecnologia Espaciais (Funcate) e Instituto Nacional de Pesquisas Espaciais (Inpe)",União,49778000,49778000,"AC, AP, AM, MA, MT, PA, RO, RR, , TO",contratado,"Fundação de Ciência, Aplicações e Tecnologia Espaciais (Funcate) e Instituto Nacional de Pesquisas Espaciais (Inpe) ",https://www.fundoamazonia.gov.br/pt/projeto/Monitoramento-Ambiental-dos-Biomas-Brasileiros/,2017-09-25,2018-01-09,NA
Calha Norte Sustentável Instituto de Manejo e Certificação Florestal e Agrícola (Imaflora),Terceiro Setor,3312877,3312877,PA,concluido,Instituto de Manejo e Certificação Florestal e Agrícola (Imaflora),https://www.fundoamazonia.gov.br/pt/projeto/Calha-Norte-Sustentavel/,2014-08-26,2014-10-29,2023-11-28
Gestão Territorial Indígena no Sul do Amazonas Instituto Internacional de Educação do Brasil (IEB),Terceiro Setor,11448505,11042796.11,AM,contratado,Instituto Internacional de Educação do Brasil (IEB),https://www.fundoamazonia.gov.br/pt/projeto/Gestao-Territorial-Indigena-no-Sul-do-Amazonas/,2016-11-01,2016-12-26,NA
Programa Municípios Verdes Estado do Pará,Estados,59454416.37,45591647.24,PA,contratado,Estado do Pará,https://www.fundoamazonia.gov.br/pt/projeto/Programa-Municipios-Verdes/,2013-12-10,2014-05-26,NA
Prevfogo / Ibama Instituto Brasileiro do Meio Ambiente e dos Recursos Naturais Renováveis (Ibama),União,14717270,14600323.629999999,"AC, AP, AM, MA, MT, PA, RO, RR, TO",concluido,Instituto Brasileiro do Meio Ambiente e dos Recursos Naturais Renováveis (Ibama)  ,https://www.fundoamazonia.gov.br/pt/projeto/Prevfogo---Ibama/,2013-12-30,2014-06-05,2023-06-06
Babaçu Livre Associação em Áreas de Assentamento no estado do Maranhão (Assema),Terceiro Setor,13058721.52,13058721.52,MA,contratado,Associação em Áreas de Assentamento no estado do Maranhão (Assema),https://www.fundoamazonia.gov.br/pt/projeto/Babacu-Livre/,2023-08-03,2023-09-22,NA
Bolsa Floresta Fundação Amazonas Sustentável (FAS),Terceiro Setor,29934645,19107547.89,AM,concluido,Fundação Amazonas Sustentável (FAS),https://www.fundoamazonia.gov.br/pt/projeto/Bolsa-Floresta-00001/,2009-11-24,2010-03-31,2015-12-31
Áreas Protegidas da Amazônia (Arpa) - Fase 2 Fundo Brasileiro para a Biodiversidade (Funbio),Terceiro Setor,164294880,19949058.91,"AC, AP, AM, MA, MT, PA, RO, RR, TO",concluido,Fundo Brasileiro para a Biodiversidade (Funbio)           ,https://www.fundoamazonia.gov.br/pt/projeto/Areas-Protegidas-da-Amazonia-Arpa-Fase-2/,2009-12-08,2010-04-22,2015-12-31
Fundo Dema Federação de Órgãos para Assistência Social e Educacional (Fase),Terceiro Setor,7499641,6601699.07,PA,concluido,Federação de Órgãos para Assistência Social e Educacional (Fase),https://www.fundoamazonia.gov.br/pt/projeto/Fundo-Dema/,2011-03-15,2011-06-14,2021-12-31
Disseminação e Aprimoramento das Técnicas de Manejo Florestal Sustentável Instituto Floresta Tropical (IFT),Terceiro Setor,12498000,7449000,"AM, PA, RO",concluido,Instituto Floresta Tropical (IFT),https://www.fundoamazonia.gov.br/pt/projeto/Disseminacao-e-Aprimoramento-das-Tecnicas-de-Manejo-Florestal-Sustentavel/,2010-11-23,2011-04-15,2015-12-31
Fortalecimento da Gestão Territorial e Ambiental de Terras Indígenas na Amazônia The Nature Conservancy do Brasil (TNC Brasil),Terceiro Setor,16308105.98,15487682.61,"AP, PA",concluido,The Nature Conservancy do Brasil (TNC Brasil),https://www.fundoamazonia.gov.br/pt/projeto/Fortalecimento-da-Gestao-Territorial-e-Ambiental-de-Terras-Indigenas-na-Amazonia/,2014-09-16,2014-11-18,2020-07-31
Pesca Sustentável WWF-Brasil,Terceiro Setor,3205943,3205943,AC,concluido,WWF-Brasil,https://www.fundoamazonia.gov.br/pt/projeto/Pesca-Sustentavel/,2013-12-30,2014-04-17,2017-12-31
Gestão Socioambiental de Municípios do Pará Instituto do Homem e Meio Ambiente da Amazônia (Imazon),Terceiro Setor,9736473,9736473,PA,concluido,Instituto do Homem e Meio Ambiente da Amazônia (Imazon),https://www.fundoamazonia.gov.br/pt/projeto/Gestao-Socioambiental-de-Municipios-do-Para/,NA,2010-07-29,2014-09-30
Conhecer para Conservar Museu da Amazônia (Musa),Terceiro Setor,10394822.12,9984629,AM,concluido,Museu da Amazônia (Musa),https://www.fundoamazonia.gov.br/pt/projeto/Conhecer-para-Conservar/,2010-11-30,2011-09-01,2021-12-31
Virada Verde The Nature Conservancy do Brasil (TNC Brasil),Terceiro Setor,19200000,16000000,"MT, PA",concluido,The Nature Conservancy do Brasil (TNC Brasil),https://www.fundoamazonia.gov.br/pt/projeto/Virada-Verde/,2009-12-01,2010-04-13,2014-03-31
Tapajós Sustentável Conservation International do Brasil (CI-Brasil),Terceiro Setor,18835139,18835139,PA,contratado,Conservation International do Brasil (CI-Brasil),https://www.fundoamazonia.gov.br/pt/projeto/Tapajos-Sustentavel/,2017-10-23,2017-12-18,NA
Floresta para Sempre Instituto do Homem e Meio Ambiente da Amazônia (Imazon),Terceiro Setor,14293105,8004487.8,PA,contratado,Instituto do Homem e Meio Ambiente da Amazônia (Imazon),https://www.fundoamazonia.gov.br/pt/projeto/Floresta-para-Sempre/,2017-12-11,2018-03-15,NA
Mato Grosso Sustentável Estado de Mato Grosso,Estados,32925406.459999997,32925406.459999997,MT,contratado,Estado de Mato Grosso,https://www.fundoamazonia.gov.br/pt/projeto/Mato-Grosso-Sustentavel/,2013-12-03,2014-07-03,NA
Amazônia SAR União Federal - Centro Gestor e Operacional do Sistema de Proteção da Amazônia (Censipam),União,63923626,47958727.94,"AC, AP, AM, MA, MT, PA, RO, RR, TO",contratado,União Federal - Centro Gestor e Operacional do Sistema de Proteção da Amazônia (Censipam),https://www.fundoamazonia.gov.br/pt/projeto/Amazonia-SAR/,2015-06-23,2015-07-20,NA
Projeto de Desenvolvimento Socioeconômico Ambiental Integrado Estado de Rondônia - Secretaria de Estado de Desenvolvimento Ambiental (Sedam-RO),Estados,35576602,31227392.4,RO,contratado,Estado de Rondônia - Secretaria de Estado de Desenvolvimento Ambiental (Sedam-RO),https://www.fundoamazonia.gov.br/pt/projeto/Projeto-de-Desenvolvimento-Socioeconomico-Ambiental-Integrado/,2014-01-21,2014-03-14,NA
Amazônia Agroecológica Federação de Órgãos para Assistência Social e Educacional (Fase),Terceiro Setor,16611508.350000001,16611508.350000001,"MT, PA",contratado,Federação de Órgãos para Assistência Social e Educacional (Fase),https://www.fundoamazonia.gov.br/pt/projeto/Amazonia-Agroecologica/,2018-06-13,2018-09-17,NA
Floresta Ativa Tapajós Centro de Estudos Avançados de Promoção Social e Ambiental – CEAPS (Projeto Saúde e Alegria),Terceiro Setor,12493011,12493011,PA,contratado,Centro de Estudos Avançados de Promoção Social e Ambiental – CEAPS (Projeto Saúde e Alegria),https://www.fundoamazonia.gov.br/pt/projeto/Floresta-Ativa-Tapajos/,2018-05-02,2018-07-24,NA
Bolsa Floresta+ Fundação Amazonas Sustentável (FAS),Terceiro Setor,31518490,31518490,AM,contratado,Fundação Amazonas Sustentável (FAS),https://www.fundoamazonia.gov.br/pt/projeto/Bolsa-Floresta/,2016-04-05,2016-05-25,NA
Legado Integrado da Região Amazônica (Lira) Instituto de Pesquisas Ecológicas (IPÊ),Terceiro Setor,61350000,45000000,"AC, AM, MT, PA, RO",contratado,Instituto de Pesquisas Ecológicas (IPÊ),https://www.fundoamazonia.gov.br/pt/projeto/Legado-Integrado-da-Regiao-Amazonica-Lira/,2018-10-30,2018-12-13,NA
"Pequenos Projetos Ecossociais na Amazônia – Fase II Instituto Sociedade, População e Natureza (ISPN)",Terceiro Setor,25934973.53,22766000,"MA, MT, TO",contratado,"Instituto Sociedade, População e Natureza (ISPN)",https://www.fundoamazonia.gov.br/pt/projeto/Pequenos-Projetos-Ecossociais-na-Amazonia-Fase-II/,2018-09-18,2018-11-29,NA
CAR Amazonas Estado do Amazonas,Estados,29867722,29867722,AM,contratado,Estado do Amazonas,https://www.fundoamazonia.gov.br/pt/projeto/CAR-Amazonas/,2018-10-01,2019-02-28,NA
Rumo ao Desmatamento Ilegal Zero no Acre Estado do Acre - Secretaria de Estado de Planejamento (SEPLAN),Estados,97814173,97814173,AC,contratado,Estado do Acre - Secretaria de Estado de Planejamento (SEPLAN),https://www.fundoamazonia.gov.br/pt/projeto/Rumo-ao-Desmatamento-Ilegal-Zero-no-Acre/,2024-02-29,2024-04-11,NA
Profisc I - B Instituto Brasileiro do Meio Ambiente e dos Recursos Naturais Renováveis (Ibama),União,140264000,140264000,"AC, AP, AM, MA, MT, PA, RO, RR, TO",contratado,Instituto Brasileiro do Meio Ambiente e dos Recursos Naturais Renováveis (Ibama),https://www.fundoamazonia.gov.br/pt/projeto/Profisc-I-B/,2018-03-19,2018-04-05,NA
Terra a Limpo Estado de Mato Grosso - Gabinete de Articulação e Desenvolvimento Regional (GDR/MT),Estados,72900000,72900000,MT,contratado,Estado de Mato Grosso - Gabinete de Articulação e Desenvolvimento Regional (GDR/MT),https://www.fundoamazonia.gov.br/pt/projeto/Terra-a-Limpo/,2018-04-02,2018-06-26,NA
Alto Juruá Associação Ashaninka do Rio Amônia (Apiwtxa),Terceiro Setor,6597581,6597581,AC,concluido,Associação Ashaninka do Rio Amônia (Apiwtxa),https://www.fundoamazonia.gov.br/pt/projeto/Alto-Jurua/,2015-02-24,2015-04-16,2020-06-22
Proteção Etnoambiental de Povos Indígenas Isolados e de Recente Contato na Amazônia Centro de Trabalho Indigenista (CTI),Terceiro Setor,19043330,19043330,"AC, AP, AM, MA, MT, PA, RO, RR, TO",concluido,Centro de Trabalho Indigenista (CTI),https://www.fundoamazonia.gov.br/pt/projeto/Protecao-Etnoambiental-de-Povos-Indigenas-Isolados-e-de-Recente-Contato-na-Amazonia/,2014-10-28,2014-12-23,2020-03-04
Fortalecimento da Gestão Ambiental na Amazônia Instituto do Homem e Meio Ambiente da Amazônia (Imazon),Terceiro Setor,12717670,12104865,"AM, MT, PA, RO",concluido,Instituto do Homem e Meio Ambiente da Amazônia (Imazon),https://www.fundoamazonia.gov.br/pt/projeto/Fortalecimento-da-Gestao-Ambiental-na-Amazonia/,2015-11-06,2015-12-29,2022-04-29
Uso de Tecnologias Sociais para Redução do Desmatamento Associação de Desenvolvimento Agrícola Interestadual (Adai),Terceiro Setor,9059718.629999999,9059718.629999999,"MT, PA, RO, TO",concluido,Associação de Desenvolvimento Agrícola Interestadual (Adai),https://www.fundoamazonia.gov.br/pt/projeto/Uso-de-Tecnologias-Sociais-para-Reducao-do-Desmatamento/,2017-05-24,2017-07-31,2021-11-29
Capacitar para Conservar Equipe de Conservação da Amazônia (Ecam),Terceiro Setor,1404360.6700000002,1404360.6700000002,AP,concluido,Equipe de Conservação da Amazônia (Ecam),https://www.fundoamazonia.gov.br/pt/projeto/Capacitar-para-Conservar/,2014-09-23,2014-12-02,2021-12-31
Sementes do Portal Instituto Ouro Verde (IOV),Terceiro Setor,5397778.87,5397778.87,MT,concluido,Instituto Ouro Verde (IOV),https://www.fundoamazonia.gov.br/pt/projeto/Sementes-do-Portal/,2009-12-08,2010-03-25,2013-09-30
Ilhas de Belém Universidade Federal do Pará (UFPA) e Fundação de Amparo e Desenvolvimento da Pesquisa (Fadesp),Universidades,1138083.93,1138083.93,PA,concluido,Universidade Federal do Pará (UFPA) e Fundação de Amparo e Desenvolvimento da Pesquisa (Fadesp),https://www.fundoamazonia.gov.br/pt/projeto/Ilhas-de-Belem/,2012-01-17,2012-07-17,2015-09-30
Florestas de Mangue Universidade Federal do Pará (UFPA) e Fundação de Amparo e Desenvolvimento da Pesquisa (Fadesp),Universidades,1982143,1982143,PA,concluido,Universidade Federal do Pará (UFPA) e Fundação de Amparo e Desenvolvimento da Pesquisa (Fadesp),https://www.fundoamazonia.gov.br/pt/projeto/Florestas-de-Mangue/,2012-01-24,2012-07-17,2017-09-30
Fundação Banco do Brasil – Fundo Amazônia (Fase III) Fundação Banco do Brasil (FBB),Terceiro Setor,65000000,50000000,"AC, AP, AM, MA, MT, PA, RO, RR, TO",contratado,Fundação Banco do Brasil (FBB),https://www.fundoamazonia.gov.br/pt/projeto/Fundacao-Banco-do-Brasil-Fundo-Amazonia-Fase-III/,NA,2024-06-24,NA
Assentamentos Sustentáveis na Amazônia Instituto de Pesquisa Ambiental da Amazônia (Ipam),Terceiro Setor,24397144,23408189.459999997,PA,concluido,Instituto de Pesquisa Ambiental da Amazônia (Ipam),https://www.fundoamazonia.gov.br/pt/projeto/Assentamentos-Sustentaveis-na-Amazonia/,2011-11-29,2012-02-14,2022-08-16
APL Babaçu Associação em Áreas de Assentamento no estado do Maranhão (Assema),Terceiro Setor,4897085.37,4897085.37,MA,concluido,Associação em Áreas de Assentamento no estado do Maranhão (Assema),https://www.fundoamazonia.gov.br/pt/projeto/APL-Babacu/,2014-09-02,2014-10-29,2020-07-21
Bem Viver Sustentável Instituto de Pesquisa e Formação Indígena (Iepé),Terceiro Setor,12404198,11858793.870000001,PA,concluido,Instituto de Pesquisa e Formação Indígena (Iepé),https://www.fundoamazonia.gov.br/pt/projeto/Bem-Viver-Sustentavel/,2015-11-19,2016-01-07,2021-12-31
Mamirauá Instituto de Desenvolvimento Sustentável Mamirauá (IDSM),Terceiro Setor,8706257,8504678.54,AM,concluido,Instituto de Desenvolvimento Sustentável Mamirauá (IDSM),https://www.fundoamazonia.gov.br/pt/projeto/Mamiraua/,2012-12-18,2013-08-07,2022-11-10
Quintais Amazônicos Centro de Estudos da Cultura e do Meio Ambiente da Amazônia (Rioterra),Terceiro Setor,8837852.29,8837852.29,RO,concluido,Centro de Estudos da Cultura e do Meio Ambiente da Amazônia (Rioterra),https://www.fundoamazonia.gov.br/pt/projeto/Quintais-Amazonicos/,2013-07-30,2013-12-04,2019-10-11
Sementes do Portal - Fase II Instituto Ouro Verde (IOV),Terceiro Setor,16553250.639999999,16086000,MT,concluido,Instituto Ouro Verde (IOV),https://www.fundoamazonia.gov.br/pt/projeto/Sementes-do-Portal-Fase-II/,2013-10-01,2013-12-05,2022-09-16
IREHI – Cuidando dos Territórios Operação Amazônia Nativa (OPAN),Terceiro Setor,8144618.7,8144618.7,MT,concluido,Operação Amazônia Nativa (OPAN),https://www.fundoamazonia.gov.br/pt/projeto/IREHI-Cuidando-dos-Territorios/,2015-12-18,2016-02-19,2022-11-21
Néctar da Amazônia Instituto Peabiru,Terceiro Setor,2072901,2030000,"AP, PA",concluido,Instituto Peabiru,https://www.fundoamazonia.gov.br/pt/projeto/Nectar-da-Amazonia/,2014-05-13,2014-08-27,2022-06-30
"Pequenos Projetos Ecossociais na Amazônia Instituto Sociedade, População e Natureza (ISPN)",Terceiro Setor,17796525,12814691.38,"MA, MT, TO",concluido,"Instituto Sociedade, População e Natureza (ISPN)",https://www.fundoamazonia.gov.br/pt/projeto/Pequenos-Projetos-Ecossociais-na-Amazonia/,2012-07-03,2012-09-25,2020-10-01
Amazônia Indígena Sustentável Associação de Defesa Etnoambiental Kanindé,Terceiro Setor,7352757.03,7352757.03,"MT, RO",concluido,Associação de Defesa Etnoambiental Kanindé,https://www.fundoamazonia.gov.br/pt/projeto/Amazonia-Indigena-Sustentavel/,2015-12-04,2016-01-21,2020-03-13
Programa de Qualificação da Gestão Ambiental Instituto Brasileiro de Administração Municipal (Ibam),Terceiro Setor,19620429.22,18853482.32,"AC, AP, AM, MA, MT, PA, RO, RR, TO",concluido,Instituto Brasileiro de Administração Municipal (Ibam),https://www.fundoamazonia.gov.br/pt/projeto/Programa-de-Qualificacao-da-Gestao-Ambiental/,2012-12-18,2013-02-05,2021-03-24
Reflorestamento no Sul do Estado do Amazonas Estado do Amazonas,Estados,17575286.19,17575286.19,AM,concluido,Estado do Amazonas,https://www.fundoamazonia.gov.br/pt/projeto/Reflorestamento-no-Sul-do-Estado-do-Amazonas/,2010-08-17,2010-12-17,2018-06-30
Incubadora de Políticas Públicas da Amazônia Universidade Federal do Pará (UFPA) e Fundação de Amparo e Desenvolvimento da Pesquisa (Fadesp),Universidades,2704084.9,2660567.23,"AC, AP, AM, MA, MT, PA, RO, RR, TO",concluido,Universidade Federal do Pará (UFPA) e Fundação de Amparo e Desenvolvimento da Pesquisa (Fadesp),https://www.fundoamazonia.gov.br/pt/projeto/Incubadora-de-Politicas-Publicas-da-Amazonia/,2011-08-02,2011-12-09,2016-06-30
Semas Pará Estado do Pará,Estados,15923230,15923230,PA,concluido,Estado do Pará,https://www.fundoamazonia.gov.br/pt/projeto/Semas-Para/,2010-07-09,2010-10-06,2017-03-31
Olhos d`Água da Amazônia - Fase II Município de Alta Floresta,Municípios,7597201.04,7146563.54,MT,concluido,Município de Alta Floresta ,https://www.fundoamazonia.gov.br/pt/projeto/Olhos-dAgua-da-Amazonia-Fase-II/,2013-06-11,2013-09-05,2018-06-30
Nascentes do Buriti Município de Carlinda,Municípios,1947277.8800000001,1875500.94,MT,concluido,Município de Carlinda,https://www.fundoamazonia.gov.br/pt/projeto/Nascentes-do-Buriti/,2011-08-02,2011-09-06,2020-05-08
Recupera Marcelândia Município de Marcelândia,Municípios,554215.22,551556.98,MT,concluido,Município de Marcelândia ,https://www.fundoamazonia.gov.br/pt/projeto/Recupera-Marcelandia/,2010-11-23,2011-05-24,2017-03-31
Olhos d`Água da Amazônia Município de Alta Floresta,Municípios,2781340.4,2781340.4,MT,concluido,Município de Alta Floresta,https://www.fundoamazonia.gov.br/pt/projeto/Olhos-dAgua-da-Amazonia/,2010-08-17,2011-01-25,2013-12-31
Preservar Porto dos Gaúchos Município de Porto dos Gaúchos,Municípios,120655,120655,MT,concluido,Município de Porto dos Gaúchos ,https://www.fundoamazonia.gov.br/pt/projeto/Preservar-Porto-dos-Gauchos/,2011-03-23,2011-08-12,2013-12-31
Sociobiodiversidade Produtiva no Xingu Instituto Socioambiental (ISA),Terceiro Setor,8915396,8023856,"MT, PA",concluido,Instituto Socioambiental (ISA),https://www.fundoamazonia.gov.br/pt/projeto/Sociobiodiversidade-Produtiva-no-Xingu/,2013-12-03,2014-02-20,2019-03-30
Gestão das Terras Indígenas das Bacias do Rio Negro e Xingu Instituto Socioambiental (ISA),Terceiro Setor,12302481.9,11685843.139999999,"AM, MT, RR",concluido,Instituto Socioambiental (ISA),https://www.fundoamazonia.gov.br/pt/projeto/Gestao-das-Terras-Indigenas-das-Bacias-do-Rio-Negro-e-Xingu/,2016-06-27,2016-08-19,2022-10-28
Sentinelas da Floresta Cooperativa dos Agricultores do Vale do Amanhecer (Coopavam),Terceiro Setor,6528000,5175522.5,MT,concluido,Cooperativa dos Agricultores do Vale do Amanhecer (Coopavam),https://www.fundoamazonia.gov.br/pt/projeto/Sentinelas-da-Floresta/,2014-02-04,2014-04-17,2018-09-30
Cadeias de Valor em Terras Indígenas no Acre Comissão Pró Índio do Acre (CPI-Acre),Terceiro Setor,3091111.21,3091111.21,AC,concluido,Comissão Pró Índio do Acre (CPI-Acre),https://www.fundoamazonia.gov.br/pt/projeto/Cadeias-de-Valor-em-Terras-Indigenas-no-Acre/,2015-08-11,2015-12-29,2019-06-30
Proteção Florestal Tocantins Estado do Tocantins - Corpo de Bombeiros Militar do Estado do Tocantins (CBMTO),Estados,6697880,4958910,TO,concluido,Estado do Tocantins - Corpo de Bombeiros Militar do Estado do Tocantins (CBMTO),https://www.fundoamazonia.gov.br/pt/projeto/Protecao-Florestal-Tocantins/,2012-03-27,2012-08-09,2019-05-17
Pará Combatendo os Incêndios Florestais e Queimadas Não Autorizadas Estado do Pará - Corpo de Bombeiros Militar do Estado do Pará (CBMPA),Estados,23469023.55,16830280,PA,concluido,Estado do Pará - Corpo de Bombeiros Militar do Estado do Pará (CBMPA),https://www.fundoamazonia.gov.br/pt/projeto/Para-Combatendo-os-Incendios-Florestais-e-Queimadas-Nao-Autorizadas/,2012-11-27,2013-06-26,2020-03-30
Bombeiros Florestais de Mato Grosso Estado de Mato Grosso - Corpo de Bombeiros do Estado de Mato Grosso (CBMMT),Estados,16742500,12518230.09,MT,concluido,Estado de Mato Grosso - Corpo de Bombeiros do Estado de Mato Grosso (CBMMT),https://www.fundoamazonia.gov.br/pt/projeto/Bombeiros-Florestais-de-Mato-Grosso/,2011-09-13,2012-01-17,2017-03-31
Rondônia Mais Verde Estado de Rondônia - Corpo de Bombeiros do Estado de Rondônia (CBMRO),Estados,17357458.36,15040500,RO,concluido,Estado de Rondônia - Corpo de Bombeiros do Estado de Rondônia (CBMRO),https://www.fundoamazonia.gov.br/pt/projeto/Rondonia-Mais-Verde/,2012-09-11,2012-12-21,2021-09-30
Acre: Incêndios Florestais Zero Estado do Acre - Corpo de Bombeiros Militar do Estado do Acre (CBMAC),Estados,13337700,13280709.56,AC,concluido,Estado do Acre - Corpo de Bombeiros Militar do Estado do Acre (CBMAC),https://www.fundoamazonia.gov.br/pt/projeto/Acre-Incendios-Florestais-Zero/,2012-05-08,2012-07-05,2016-12-31
Nova Cartografia Social na Amazônia Universidade do Estado do Amazonas (UEA) e Fundação de Apoio Institucional Muraki,Universidades,4614587.03,4614587.03,"AC, AP, AM, MA, MT, PA, RO, RR, TO",concluido,Universidade do Estado do Amazonas (UEA) e Fundação de Apoio Institucional Muraki,https://www.fundoamazonia.gov.br/pt/projeto/Nova-Cartografia-Social-na-Amazonia/,2010-11-30,2011-05-06,2015-03-31
Compostos Bioativos da Amazônia Universidade Federal do Pará (UFPA) e Fundação de Amparo e Desenvolvimento da Pesquisa (Fadesp),Universidades,1413357,1352368.48,PA,concluido,Universidade Federal do Pará (UFPA) e Fundação de Amparo e Desenvolvimento da Pesquisa  (Fadesp),https://www.fundoamazonia.gov.br/pt/projeto/Compostos-Bioativos-da-Amazonia/,2012-01-03,2012-08-21,2018-03-31
Biodiversidade Universidade Federal do Pará (UFPA) e Fundação de Amparo e Desenvolvimento da Pesquisa (Fadesp),Universidades,4639706.98,4639706.98,PA,concluido,Universidade Federal do Pará (UFPA)  e Fundação de Amparo e Desenvolvimento da Pesquisa (Fadesp),https://www.fundoamazonia.gov.br/pt/projeto/Biodiversidade/,2012-04-24,2012-10-02,2018-03-31
"Jacundá, Município de Economia Verde Município de Jacundá",Municípios,199352.05,199352.05,PA,concluido,Município de Jacundá,https://www.fundoamazonia.gov.br/pt/projeto/Jacunda-Municipio-de-Economia-Verde/,2011-11-29,2012-08-31,2019-09-30
Cadeias de Valor de Produtos Florestais Não Madeireiros Associação SOS Amazônia,Terceiro Setor,10202517.05,9938777,"AC, AM",concluido,Associação SOS Amazônia,https://www.fundoamazonia.gov.br/pt/projeto/Cadeias-de-Valor-de-Produtos-Florestais-Nao-Madeireiros/,2015-01-27,2015-05-13,2021-12-31
Valorização do Ativo Ambiental Florestal Estado do Acre,Estados,59654981.64,52930867.68,AC,concluido,Estado do Acre,https://www.fundoamazonia.gov.br/pt/projeto/Valorizacao-do-Ativo-Ambiental-Florestal/,2010-10-26,2010-11-19,2021-11-29
Semeando Novos Rumos em Cotriguaçu Município de Cotriguaçu,Municípios,1638897.1900000002,1567845.25,MT,concluido,Município de Cotriguaçu ,https://www.fundoamazonia.gov.br/pt/projeto/Semeando-Novos-Rumos-em-Cotriguacu/,2014-07-22,2014-12-02,2020-09-21
ProAmazon - Projeto de Combate a Incêndios e Desmatamento no Amazonas Estado do Amazonas - Corpo de Bombeiros Militar do Amazonas (CBMAM),Estados,45000000,45000000,AM,contratado,Estado do Amazonas - Corpo de Bombeiros Militar do Amazonas (CBMAM),https://www.fundoamazonia.gov.br/pt/projeto/ProAmazon-Projeto-de-Combate-a-Incendios-e-Desmatamento-no-Amazonas/,2024-09-24,2024-12-05,NA
CAR Mato Grosso do Sul Instituto de Meio Ambiente do Mato Grosso do Sul (Imasul),Estados,5341785.98,4575359.3,MS,concluido,Instituto de Meio Ambiente do Mato Grosso do Sul (Imasul),https://www.fundoamazonia.gov.br/pt/projeto/CAR-Mato-Grosso-do-Sul/,2014-09-23,2014-12-02,2022-11-29
Floresta de Babaçu em Pé Associação do Movimento Interestadual das Quebradeiras de Coco Babaçu (AMIQCB),Terceiro Setor,9222739,9222739,"MA, PA, TO",contratado,Associação do Movimento Interestadual das Quebradeiras de Coco Babaçu (AMIQCB),https://www.fundoamazonia.gov.br/pt/projeto/Floresta-de-Babacu-em-Pe/,2017-12-27,2018-04-05,NA
